<?xml version="1.0" encoding="UTF-8"?>
<ti:module xmlns:ti="http://ti.appcelerator.org" xmlns:android="http://schemas.android.com/apk/res/android">
	<!--
		Similar to tiapp.xml, but contains module/platform specific
		configuration in <iphone>, <android>, and <mobileweb> sections
	-->
	<iphone>
	</iphone>
	<android xmlns:android="http://schemas.android.com/apk/res/android">
		<manifest>
			<uses-feature android:glEsVersion="0x00020000" android:required="true"/>
			<permission android:name="${tiapp.properties['id']}.permission.MAPS_RECEIVE" android:protectionLevel="signature"/>
			<uses-permission android:name="com.google.android.providers.gsf.permission.READ_GSERVICES"/>
			<uses-permission android:name="${tiapp.properties['id']}.permission.MAPS_RECEIVE"/>
			<uses-permission android:name="android.permission.ACCESS_COARSE_LOCATION"/>
			<uses-permission android:name="android.permission.ACCESS_FINE_LOCATION"/>
			<application>
				<meta-data
				android:name="com.google.android.gms.version"
				android:value="4132500"/>
			</application>
		</manifest>

	</android>
	<mobileweb>
	</mobileweb>
</ti:module>
